﻿<?xml version="1.0" encoding="utf-8" standalone="yes"?>
<!--This file is necessary for software to run properly-->
<!--Create By Liang-->
<Root>
  <MainForm>
    <Language SoftwareTitle="HEROJE-圖像算法調試工具V7.06" />
    <Language SelectLanguage="簡體中文" />
    <Language TapSelectDevice="選擇設備" />
    <Language ChbCrossNetSegSerch="跨網段搜索" />
    <Language LabLocalIPSel="本地IP選擇：" />
    <Language GrbDevicesList="設備列表" />
    <Language ChkUSBConnect="USB連接" />
    <Language LabConnectSel="設備類型：" />
    <Language ChkInternet="以太網連接" />
    <Language LabDeviceInfo="設備信息" />
    <Language GrbDeviceOps="設備操作" />
    <Language BtnRecoverUserSetting="恢復用戶設置" />
    <Language BtnSaveUserSetting="保存用戶設置" />
    <Language BtnCaptrueImageSave="存壹張圖" />
    <Language BtnRecoverFactory="恢復出廠設置" />
    <Language LabDeviceAddr="設備位置" />
    <Language TapLightFocus="照明聲音" />
    <Language GrbSoundSetting="讀碼成功聲音提示" />
    <Language RdbSoundOff="關閉" />
    <Language RdbSoundOn="開啟" />
    <Language GrbSensorLensFocus="鏡頭對焦設置" />
    <Language BtnSensorLensFocusAdd="▶" />
    <Language BtnSensorLensFocusDec="◀" />
    <Language TxbSensorLensFocusSet="0" />
    <Language LabSensorLensFocusSet="焦距:" />
    <Language RdbAutoFocusEnbale="自動" />
    <Language RdbAutoFocusDisabale="手動" />
    <Language GrbOtherLightSetting="其它相關設置" />
    <Language ChbNearLightRB="下部" />
    <Language ChbNearLightLB="左側" />
    <Language ChbNearLightRT="上部" />
    <Language ChbNearLightLT="右側" />
    <Language LabNearLightCtrl="近照明分組控制:" />
    <Language ChbFarLightRB="右下" />
    <Language ChbFarLightLB="左下" />
    <Language ChbFarLightRT="右上" />
    <Language ChbFarLightLT="左上" />
    <Language LabFarLightCtrl="遠照明分組控制:" />
    <Language RdbDeafultP="默認" />
    <Language LabPolarizationSetting="偏振照明設置:" />
    <Language RdbPolarizationDisable="關閉" />
    <Language RdbPolarizationEnable="開啟" />
    <Language GrbSecondLight="輔助照明設置" />
    <Language BtnSecondLightValAll="▶" />
    <Language BtnSecondLightValDec="◀" />
    <Language TxbSecondLightVal="0" />
    <Language LabSecondLight="亮度:" />
    <Language RdbSecondLightClose="關閉" />
    <Language RdbSecondLightOpen="打開" />
    <Language GdbMainLight="主要照明設置" />
    <Language BtnMainLightValAll="▶" />
    <Language BtnMainLightValDec="◀" />
    <Language TxbMainLightVal="0" />
    <Language LabMainLight="亮度:" />
    <Language RdbMainLightClose="關閉" />
    <Language RdbMainLightOpen="打開" />
    <Language GrbFocusLight="瞄準指示設置" />
    <Language RdbFocusLEDNormal="正常" />
    <Language RdbFocusLEDClose="關閉" />
    <Language RdbFocusLEDAlways="常亮" />
    <Language RdbFocusLEDBlink="閃爍" />
    <Language TapSensorSet="圖像處理" />
    <Language GrbImageProcess="圖像處理" />
    <Language ChbIsNewVerImgProc="采用新版本圖像處理方式" />
    <Language GrbNewVersionImgProc="新版本圖像處理" />
    <Language LabImgProcContrastEnhance2="對比度增強2:" />
    <Language LabImgProcContrastEnhance1="對比度增強1:" />
    <Language LabMorphErode2="形態學腐蝕2:" />
    <Language LabMorphDilate2="形態學膨脹2:" />
    <Language LabGaussBlur2="高斯濾波2:" />
    <Language LabEqualizeHist2="圖像均衡2:" />
    <Language LabMedianFilter2="中值濾波2:" />
    <Language LabMorphErode1="形態學腐蝕1:" />
    <Language LabMorphDilate1="形態學膨脹1:" />
    <Language LabGaussBlur1="高斯濾波1:" />
    <Language LabEqualizeHist1="圖像均衡1:" />
    <Language ChbImageInverseNew="黑白反色" />
    <Language ChbImageMirrorNew="圖像鏡像" />
    <Language LabMedianFilter1="中值濾波1:" />
    <Language GrbOldVersionImgProc="舊版本圖像處理" />
    <Language ChbImageInverse="黑白反色" />
    <Language ChbEqualizeHist="圖像均衡" />
    <Language ChbImageMirror="圖像鏡像" />
    <Language ChbContrastEnhance="灰度增強" />
    <Language TapBarcodeSw="碼制設置" />
    <Language BtnOpenAllBarcodeType="開啟所有常用碼制" />
    <Language BtnOpenDefaultBarcodeType="開啟默認常用碼制" />
    <Language BtnCloseAllBarcodeType="關閉所有碼制" />
    <Language GrbOtherBarcode="其他條碼" />
    <Language ChbGridMatrix="GridMatrix" />
    <Language ChbDotCode="DotCode" />
    <Language ChbMaxicode="Maxicode" />
    <Language ChbMicroPDF417="MicroPDF417" />
    <Language ChbHanxin="Hanxin" />
    <Language ChbAztec="Aztec" />
    <Language GrbUsually2D="常用二維碼" />
    <Language ChbPDF417="PDF417" />
    <Language ChbDM="DataMatrix" />
    <Language ChbQRCode="QRCode" />
    <Language GrbUsually1D="常用壹維碼" />
    <Language ChbCode93="Code93" />
    <Language ChbDataBar="DataBar" />
    <Language ChbS25="S25" />
    <Language ChbM25="M25" />
    <Language ChbD25="D25" />
    <Language ChbCode11="Code11" />
    <Language ChbI25="I25" />
    <Language ChbCodaBar="CodaBar" />
    <Language ChbMSI="MSI" />
    <Language ChbCode39="Code39" />
    <Language ChbCode128="Code128" />
    <Language ChbUPC_EAN="UPC/EAN" />
    <Language TabAlsCfg="算法协议" />
    <Language GrbMuiltCoreAls="算法加速配置" />
    <Language LabMuiltCoreMode="多核CPU處理加速模式:" />
    <Language GrbLimitBarcodeLen="限制條碼長度" />
    <Language ChbAztecCheckDisable="Aztec" />
    <Language ChbIL25CheckDisable="IL25" />
    <Language ChbCode93CheckDisable="Code93" />
    <Language ChbCodabarCheckDisable="CodaBar" />
    <Language ChbCode39CheckDisable="Code39" />
    <Language ChbCode128CheckDisable="Code128" />
    <Language ChbPDF417CheckDisable="PDF417" />
    <Language ChbDMCheckDisable="DataMatrix" />
    <Language ChbQRCheckDisable="QRCode" />
    <Language LabSetLimitException="允許例外的碼制(不受長度限制):" />
    <Language BtnBarcodeLenLimitMax="確認" />
    <Language BtnBarcodeLenLimitMin="確認" />
    <Language LabBarcodeLenLimitMax="最大長度:" />
    <Language LabBarcodeLenLimitMin="最小長度:" />
    <Language GrbDPMSetting="DPM相關設置" />
    <Language ChbDM_ShortQZ="短靜區" />
    <Language ChkDM_Not_ECC200="非ECC-200解碼" />
    <Language LabDM_MirrorSet="DM碼鏡像:" />
    <Language RdbDM_MirrorAny="任意" />
    <Language RdbDM_MirrorDisable="關閉" />
    <Language RdbDM_MirrorEnable="鏡像" />
    <Language LabDM_ColorSet="DM碼顏色:" />
    <Language RdbDM_ColorSetAny="任意" />
    <Language RdbDM_ColorSetBlack="黑底" />
    <Language RdbDM_ColorSetWhite="白底" />
    <Language ChbSmallCodeEnhance="小碼增強" />
    <Language ChbDM_SlantEnhance="變形增強" />
    <Language BtnDM_ModuleMax="確認" />
    <Language LabDM_ModuleMax="塊數最大:" />
    <Language BtnDM_ModuleMin="確認" />
    <Language LabDM_ModuleMin="塊數最小:" />
    <Language BtnModuleSizeMax="確認" />
    <Language LabDMModuleSizeMax="DM碼最大:" />
    <Language BtnModuleSizeMin="確認" />
    <Language LabDMModuleSizeMin="DM碼最小:" />
    <Language LabDMGapMax="DM模塊允許最大空隙:" />
    <Language RdbDMGapMaxBig="大" />
    <Language RdbDMGapMaxSmall="小" />
    <Language RdbDMGapMaxNone="無" />
    <Language ChkDMDefilementEnhance="汙損增強" />
    <Language ChkDMFindEnhance="查找增強" />
    <Language label5="DM二維碼類型:" />
    <Language RdbDMShapeAll="任意類型" />
    <Language RdbDMShapeRectangle="矩形" />
    <Language RdbDMShapeSquare="正方形" />
    <Language ChbDMLowContrast="低對比度增強" />
    <Language GrbAlgorithmSetting="算法相關設置" />
    <Language LabDecodeTips="修改解碼模式A和C需要重啟生效" />
    <Language BtnSaveAndRestart="保存設置重啟設備" />
    <Language RdbDecodeModeC="解碼模式C" />
    <Language RdbDecodeModeB="解碼模式B" />
    <Language RdbDecodeModeA="解碼模式A" />
    <Language ChkSameCodeDlyInfinite="相同條碼無限延遲" />
    <Language BtnSameCodeDelay="確認" />
    <Language LabSameCodeDly="相同條碼延遲(100ms)：" />
    <Language BtnSigleImageTimeout="確認" />
    <Language LabSerchLevel="DM搜索精度:" />
    <Language LabSigleDecodeTime="單張圖片解碼超時(10ms)：" />
    <Language GrbDPM_Mode="DPM 模式" />
    <Language RdbDpmMode0="正常模式" />
    <Language RdbDpmMode6="DPM模式6" />
    <Language RdbDpmMode7="DPM模式7" />
    <Language RdbDpmMode8="DPM模式8" />
    <Language RdbDpmMode5="DPM模式5" />
    <Language RdbDpmMode4="DPM模式4" />
    <Language RdbDpmMode3="DPM模式3" />
    <Language RdbDpmMode2="DPM模式2" />
    <Language RdbDpmMode1="DPM模式1" />
    <Language TabDataEdit="數據編輯" />
    <Language GrbMuiltCodeSplit="多條碼多模板分隔符" />
    <Language BtnMuiltCodeSplit="確認" />
    <Language ChkMuiltCodeSplitSameEof="分隔符跟隨結束符" />
    <Language LabMuiltCodeSplit="多條碼分隔符(十六進制):0x" />
    <Language GrbBarcodeIDAndEof="條碼ID與結束符" />
    <Language ChbBarcodeIDOut="允許條碼類型ID輸出" />
    <Language LabStringEof="條碼結束符:" />
    <Language GrbDataCropSetting="數據裁剪" />
    <Language RdbOnlyEndOutput="只傳輸數據後段" />
    <Language RdbOnlyCenterOutput="只傳輸數據中間段" />
    <Language RdbOnlyFrontOutput="只傳輸數據前段" />
    <Language RdbAllDataOutput="傳輸整個數據段" />
    <Language BtnEndSessionSet="確認" />
    <Language BtnFrontSessionSet="確認" />
    <Language LabEndSessionSet="後段長度設置:" />
    <Language LabFrontSessionSet="前段長度設置:" />
    <Language GrbPrefixAndSuffix="前後綴設置" />
    <Language ChbDataSuffix="條碼後綴:" />
    <Language ChbDataPrefix="條碼前綴:" />
    <Language BtnDataSuffix="確認" />
    <Language BtnDataPrefix="確認" />
    <Language TabOutputCfg="數據輸出" />
    <Language GrbImageDataProcess="圖像數據輸出保存" />
    <Language ChbDecodeNGSendImg="解碼失敗發送圖片" />
    <Language ChbDecodeOKSendImg="解碼成功發送圖片" />
    <Language RdbImageSendRam="被動訪問" />
    <Language RdbImageSendFTP="FTP訪問" />
    <Language RdbImageSendTCP="TCP輸出" />
    <Language LabImageSendWay="圖像傳輸方式:" />
    <Language ChbDecodeNGSaveImg="解碼失敗保存圖片" />
    <Language ChbDecodeOKSaveImg="解碼成功保存圖片" />
    <Language GrbOutputUSB="USB接口設置" />
    <Language RdbOuputByUart="USB不輸出" />
    <Language RdbOuputByCOM="USB虛擬串口" />
    <Language RdbOuputByHID="USB鍵盤輸出" />
    <Language GrbOutputInternet="網絡接口設置" />
    <Language LabNetWorkSettingTips="註意:網絡設備配置在設備重啟後生效" />
    <Language BtnTcpIPAddrSet="確認" />
    <Language BtnNetPortSet="確認" />
    <Language TxbSIPAddrSeg3="1" />
    <Language TxbSIPAddrSeg2="0" />
    <Language TxbSIPAddrSeg1="168" />
    <Language TxbSIPAddrSeg0="192" />
    <Language LabTCPServerIP="通信目標IP設置：" />
    <Language TxbComPort="13242" />
    <Language LabComPort="通訊端口設置：" />
    <Language LabComSel="網絡通信協議：" />
    <Language BtnMaskAddrSet="確認" />
    <Language TxbMaskCodeSeg3="0" />
    <Language TxbMaskCodeSeg2="255" />
    <Language TxbMaskCodeSeg1="255" />
    <Language TxbMaskCodeSeg0="255" />
    <Language LabMaskCode="設備子網掩碼：" />
    <Language BtnGWAddrSet="確認" />
    <Language TxbGwAddrSeg3="1" />
    <Language TxbGwAddrSeg2="0" />
    <Language TxbGwAddrSeg1="168" />
    <Language TxbGwAddrSeg0="192" />
    <Language LabGatewayAddr="設備網關IP：" />
    <Language BtnIPAddrSet="確認" />
    <Language TxbIpAddrSeg3="135" />
    <Language TxbIpAddrSeg2="0" />
    <Language TxbIpAddrSeg1="168" />
    <Language TxbIpAddrSeg0="192" />
    <Language LabIPADDR="設備IP地址：" />
    <Language RdbDhcpDisable="關閉" />
    <Language RdbDhcpEnable="開啟" />
    <Language LabDhcpState="DHCP自動獲取IP開關:" />
    <Language GrbEncoderSetting="編碼設置" />
    <Language RdbOutputUTF8="UTF-8" />
    <Language RdbOutputUnicode="Unicode" />
    <Language RdbOutputGBK="GBK" />
    <Language GrbOutputRS232="RS232接口設置" />
    <Language LabUartStopBit="停止位設置:" />
    <Language LabUartDataBit="數據位設置:" />
    <Language LabUartCheckPolarity="奇偶校驗:" />
    <Language LabBaudrateSet="波特率設置:" />
    <Language TabIOCtrl="IO指令配置" />
    <Language GrbOutputPinSetting="輸出引腳設置" />
    <Language RdbOut2OutputFailed="讀碼失敗動作" />
    <Language RdbOut2OutputSuccess="讀碼成功動作" />
    <Language LabOut2OutputWay="輸出IO2條件：" />
    <Language RdbPolarityOut2Low="動作時極性反相" />
    <Language RdbPolarityOut2Hight="動作時常規極性" />
    <Language LabPolarityOut2="輸出IO2極性：" />
    <Language RdbOut1OutputFailed="讀碼失敗動作" />
    <Language RdbOut1OutputSuccess="讀碼成功動作" />
    <Language LabOut1OutputWay="輸出IO1條件：" />
    <Language RdbPolarityOut1Low="動作時極性反相" />
    <Language RdbPolarityOut1Hight="動作時常規極性" />
    <Language LabPolarityOut1="輸出IO1極性：" />
    <Language BtnOutputPinTimeSet="確認" />
    <Language TxbOutputPinTimeSet="2000" />
    <Language LabOutputPinTimeSet="輸出信號持續時長(100ms):" />
    <Language GrbTrigTime="觸發讀碼時間設置" />
    <Language BtnTrigKeepTime="確認" />
    <Language LabTrigKeepTimeName="單次讀碼時長:" />
    <Language TxbTrigKeepTime="2000" />
    <Language LabMsSShow="ms" />
    <Language GrbIuputPinSetting="輸入引腳設置" />
    <Language ChbExtraTrig="允許外部IO觸發掃碼(修改在設備重啟後生效)" />
    <Language GrbTrigCMDSet="觸發指令和失敗返回" />
    <Language GrbFindHexTool="查詢工具" />
    <Language LabDispChar=" " />
    <Language BtnChar2Hex="字符轉十六進制" />
    <Language BtnHex2Char="十六進制轉字符" />
    <Language BtnRfInfo="確認" />
    <Language LabTrigCMD="None" />
    <Language ChbRfInfo="讀碼失敗返回:" />
    <Language LabTrigCMDDisp="觸發指令內容:" />
    <Language BtnApply="應用配置" />
    <Language LabInputTips="請輸入兩位十六進制數值" />
    <Language LabTrigCMDLen="觸發指令長度:" />
    <Language LabByte7="Byte7" />
    <Language LabByte6="Byte6" />
    <Language LabByte5="Byte5" />
    <Language LabByte4="Byte4" />
    <Language LabByte3="Byte3" />
    <Language LabByte2="Byte2" />
    <Language LabByte1="Byte1" />
    <Language BtnClearCon="清除配置" />
    <Language TapTempSet="模板配置" />
    <Language GrbNewTemplate="模板設置(新)" />
    <Language LabTemplateIndex="模板號:" />
    <Language ChbTemplateLightGroup="照明分組開關控制" />
    <Language ChbTemplateEnable="啟用模板" />
    <Language ChbTemplateBarcodeType="解碼配置" />
    <Language ChbImagePreProc2="圖像算法處理2：" />
    <Language ChbImagePreProc1="圖像算法處理1：" />
    <Language LabTemplateOutputLogic="模板運行邏輯:" />
    <Language ChbTemplateLensFocus="攝像頭焦距(當前的焦距)" />
    <Language TxbTemplateRoiH="800" />
    <Language TxbTemplateRoiW="1280" />
    <Language TxbTemplateRoiY="0" />
    <Language TxbTemplateRoiX="0" />
    <Language label1="H:" />
    <Language label2="W:" />
    <Language label3="Y:" />
    <Language label4="X:" />
    <Language ChbTemplateLightConfig="照明亮度控制(照明欄設置)" />
    <Language ChbTemplateAboutROI="圖像ROI開啟" />
    <Language ChbTemplateAboutSensor="傳感器曝光和增益配置" />
    <Language GrbTemplateOp="模板操作(老)" />
    <Language BtnReadTemplate1="讀取模板1" />
    <Language BtnReadTemplate2="讀取模板2" />
    <Language BtnReadTemplate3="讀取模板3" />
    <Language BtnSaveTemplate3="保存模板3" />
    <Language BtnSaveTemplate1="保存模板1" />
    <Language BtnSaveTemplate2="保存模板2" />
    <Language GrbTemplateFiles="模板文件列表(新)" />
    <Language ChbTempNameUseIdx="模板號" />
    <Language LabTemplateName="模板名字" />
    <Language BtnTemplateSave="模板保存" />
    <Language BtnReadAllTemplate="讀取設備模板" />
    <Language GrbTemplateSetting="模板參數(老)" />
    <Language ChbEnableTempFloop="開啟模板循環(老)" />
    <Language LabTempDPMLevel="DPM識讀模式:" />
    <Language LabSensorGainDisp="傳感器增益值:" />
    <Language LabSensorExpDisp="傳感器曝光值:" />
    <Language LabSecondLightDisp="輔助照明亮度:" />
    <Language LabMainLightDisp="主要照明亮度:" />
    <Language TapImageQt="高級功能" />
    <Language TapMultiCode="多碼分辨率" />
    <Language GrbDeviceADSetting="設備高級設置" />
    <Language LabMuiltCode="多碼識別(設備自動重啟生效):" />
    <Language LabResolution="分辨率(設備自動重啟生效):" />
    <Language TapBarcodeQuality="條碼打印評價" />
    <Language LabQualityAllSeparator="評價之間間隔符:" />
    <Language GrbQualityOutput="結果輸出方式" />
    <Language RdbQualityResultOverall="只輸出綜合評價" />
    <Language RdbQualityResultOrderAll="順序輸出評價" />
    <Language RdbQualityOutputDescAndData="標記+數據" />
    <Language LabQualityBarcodeSeparator="條碼到評價間隔符:" />
    <Language LabBarcodeQualityDisp="條碼打印評價:" />
    <Language GrbFtpSettomg="設備FTP文件服務器" />
    <Language TxbFTPAccount="root" />
    <Language TxbFtpIP="192.168.1.91" />
    <Language LabFtpPassword="Password:" />
    <Language LabAccount="Account:" />
    <Language LabFtpIPADDR="IP:" />
    <Language BtnFreshFtp="刷新列表" />
    <Language BtnDisconnectFTP="斷開FTP" />
    <Language BtnConnectFTP="連接FTP" />
    <Language TxbFtpPassword="hj168" />
    <Language GrbDataStatistics="設備數據統計" />
    <Language LabNGCount="0" />
    <Language LabOKCount="0" />
    <Language LabTrigCount="0" />
    <Language BtnResetStatic="重置數據" />
    <Language LabTotalDisp="Total" />
    <Language LabDispNG="NG×" />
    <Language LabOKDisp="OK√" />
    <Language LabOKRatio="100.00%" />
    <Language GrbWorkMode="工作模式" />
    <Language LabStateADP="調參中..." />
    <Language BtnEnterADP="AI調參" />
    <Language LabDeviceFnt="0" />
    <Language BtnTrigTest="單次觸發" />
    <Language RdbTrigExtern="外部觸發/命令觸發" />
    <Language RdbContinuousTrig="連續觸發" />
    <Language BtnRestartDevice="重啟設備(不保存)" />
    <Language BtnSaveCurrentCfg="保存設置到設備" />
    <Language GrbExpSetting="曝光控制" />
    <Language BtnExpSetValue="設置曝光" />
    <Language BtnExpSetRatioAdd="▶" />
    <Language BtnExpSetRatioDec="◀" />
    <Language CheckAutoExp="自動曝光" />
    <Language RdbExpSetValue="數值調節(單位us):" />
    <Language RdbExpSetRatio="比例調節(1-255):" />
    <Language GrbSensorGainSetting="增益控制" />
    <Language LabSensorGainSet="傳感器增益(0-255):" />
    <Language BtnSensorGainSetAdd="▶" />
    <Language BtnSensorGainSetDec="◀" />
    <Language TxbSensorGainSet="0" />
    <Language ChbHDR_ModeEnable="HDR開啟" />
    <Language GrbImageROI="圖像ROI設置" />
    <Language LabROITips="在框選ROI後雙擊畫面即可完成設置" />
    <Language BtnImageRoiCancel="關閉ROI" />
    <Language TxbRoiH="800" />
    <Language TxbRoiW="1280" />
    <Language TxbRoiY0="0" />
    <Language TxbRoiX0="0" />
    <Language BtnImageRoiSet="框選ROI" />
    <Language LabRoiH="Height:" />
    <Language LabRoiW="Width:" />
    <Language LabRoiY0="Y_Start:" />
    <Language LabRoiX0="X_Start:" />
    <Language BtnRecoverSize="恢復大小" />
    <Language LabFramePerSec="fps" />
    <Language LabFrameRate="0" />
    <Language LabFrameCountDisp="圖像幀率：" />
    <Language LabImageCount="0" />
    <Language LabImageCountDips="圖像計數：" />
    <Language BtnSaveCurrentImage="保存圖像" />
    <Language LabImageSize="顯示圖像清晰度:" />
    <Language GrbDecodeData="解碼結果" />
    <Language LabBarcodeLen="0" />
    <Language LabBarcodeLenDisp="條碼長度：" />
    <Language LabBarcodeType="Datamatrix" />
    <Language LabBarcodeTypeDisp="條碼類型：" />
    <Language GrbDecodeTime="解碼耗時" />
    <Language LabCurrentDecodeTime="解碼耗時：" />
    <Language LabAveDecodeTime="0ms" />
    <Language LabAveDecodeTimeDisp="平均解碼時間：" />
    <Language LabNowDecodeTime="0ms" />
    <Language ChartDecodeTime="DecodeTimeStatistics" />
    <Language BtnSettingButton="專家模式" />
    <Language BtnSearchDevice="搜索設備" />
    <Language BtnConnectDevice="連接設備" />
    <Language BtnDisConnectDevice="斷開設備" />
    <Language BtnSaveCfg="保存配置" />
    <Language BtnOpenCfg="打開配置" />
    <Language MesMain="主菜單" />
    <Language FileToolStripMenuItem="文件" />
    <Language OpenCfgToolStripMenuItem="打開配置" />
    <Language SaveCfgToolStripMenuItem="保存配置" />
    <Language ExitToolStripMenuItem="退出" />
    <Language ToolsToolStripMenuItem="工具" />
    <Language ComDebugToolStripMenuItem="串口調試工具" />
    <Language CmdCfgToolStripMenuItem="命令配置工具" />
    <Language InstallUSBDrvToolStripMenuItem="安裝USB驅動" />
    <Language NetworkDebugToolStripMenuItem="網絡調試助手" />
    <Language 條碼匹配功能ToolStripMenuItem="條碼匹配功能" />
    <Language languageToolStripMenuItem="Language" />
    <Language SettingToolStripMenuItem="設置" />
    <Language AboutToolStripMenuItem="關於" />
  </MainForm>
  <About>
    <Language SoftwareTitle="關於HEROJE-圖像算法調試工具V7.06" />
    <Language LabVersion="版本:V7.06" />
    <Language LabCopyRight="CopyRight®2022" />
    <Language LabDeclare="HEROJE圖像算法調試工具" />
  </About>
  <SettingForm>
    <Language SoftwareTitle="SoftwareSetting" />
    <Language GrbSoftwareSetting="軟體退出時候動作" />
    <Language CheckExitAndQuitDebugMode="當軟體退出時退出調試模式(USB設備)" />
    <Language ChkExitAndSave="當軟體退出時保存當前設置到設備" />
    <Language ChbChangeToManualTrig="當軟體退出時切換成手動觸發" />
  </SettingForm>
  <ComDebugTool>
    <Language SoftwareTitle="合傑串口調試工具V1.4" />
    <Language groupBox2="串口調試" />
    <Language ButOpenUart="打開串口" />
    <Language ButSendData="發送數據" />
    <Language GdbDataSend="數據發送區" />
    <Language numericUpDown="1000" />
    <Language checkBox1="定時發送" />
    <Language label2="ms" />
    <Language label1="周期：" />
    <Language CheckBox="顯示時間" />
    <Language RdbSendHex="十六進制" />
    <Language RdbSendString="字符串" />
    <Language TxtSendCount="發送字節：0" />
    <Language TxtUartState="狀態：" />
    <Language GdbDataReceive="數據顯示區" />
    <Language LabDispEncode="顯示編碼：" />
    <Language RdbHexDisplay="十六進制" />
    <Language TxtReceiveCount="接收字節：0" />
    <Language RdbStringDisplay="字符串" />
    <Language TxtBaudRateSelect="波特率：" />
    <Language TxtUartSelect="選擇串口：" />
  </ComDebugTool>
</Root>
