﻿<?xml version="1.0" encoding="utf-8" standalone="yes"?>
<!--This file is necessary for software to run properly-->
<!--Create By Liang-->
<Root>
  <MainForm>
    <Language SoftwareTitle="HEROJE-图像算法调试工具V7.06" />
    <Language SelectLanguage="简体中文" />
    <Language TapSelectDevice="选择设备" />
    <Language ChbCrossNetSegSerch="跨网段搜索" />
    <Language LabLocalIPSel="本地IP选择：" />
    <Language GrbDevicesList="设备列表" />
    <Language ChkUSBConnect="USB连接" />
    <Language LabConnectSel="设备类型：" />
    <Language ChkInternet="以太网连接" />
    <Language LabDeviceInfo="设备信息" />
    <Language GrbDeviceOps="设备操作" />
    <Language BtnRecoverUserSetting="恢复用户设置" />
    <Language BtnSaveUserSetting="保存用户设置" />
    <Language BtnCaptrueImageSave="存一张图" />
    <Language BtnRecoverFactory="恢复出厂设置" />
    <Language LabDeviceAddr="设备位置" />
    <Language TapLightFocus="照明声音" />
    <Language GrbSoundSetting="读码成功声音提示" />
    <Language RdbSoundOff="关闭" />
    <Language RdbSoundOn="开启" />
    <Language GrbSensorLensFocus="镜头对焦设置" />
    <Language BtnSensorLensFocusAdd="▶" />
    <Language BtnSensorLensFocusDec="◀" />
    <Language TxbSensorLensFocusSet="0" />
    <Language LabSensorLensFocusSet="焦距:" />
    <Language RdbAutoFocusEnbale="自动" />
    <Language RdbAutoFocusDisabale="手动" />
    <Language GrbOtherLightSetting="其它相关设置" />
    <Language ChbNearLightRB="下部" />
    <Language ChbNearLightLB="左侧" />
    <Language ChbNearLightRT="上部" />
    <Language ChbNearLightLT="右侧" />
    <Language LabNearLightCtrl="近照明分组控制:" />
    <Language ChbFarLightRB="右下" />
    <Language ChbFarLightLB="左下" />
    <Language ChbFarLightRT="右上" />
    <Language ChbFarLightLT="左上" />
    <Language LabFarLightCtrl="远照明分组控制:" />
    <Language RdbDeafultP="默认" />
    <Language LabPolarizationSetting="偏振照明设置:" />
    <Language RdbPolarizationDisable="关闭" />
    <Language RdbPolarizationEnable="开启" />
    <Language GrbSecondLight="辅助照明设置" />
    <Language BtnSecondLightValAll="▶" />
    <Language BtnSecondLightValDec="◀" />
    <Language TxbSecondLightVal="0" />
    <Language LabSecondLight="亮度:" />
    <Language RdbSecondLightClose="关闭" />
    <Language RdbSecondLightOpen="打开" />
    <Language GdbMainLight="主要照明设置" />
    <Language BtnMainLightValAll="▶" />
    <Language BtnMainLightValDec="◀" />
    <Language TxbMainLightVal="0" />
    <Language LabMainLight="亮度:" />
    <Language RdbMainLightClose="关闭" />
    <Language RdbMainLightOpen="打开" />
    <Language GrbFocusLight="瞄准指示设置" />
    <Language RdbFocusLEDNormal="正常" />
    <Language RdbFocusLEDClose="关闭" />
    <Language RdbFocusLEDAlways="常亮" />
    <Language RdbFocusLEDBlink="闪烁" />
    <Language TapSensorSet="图像处理" />
    <Language GrbImageProcess="图像处理" />
    <Language ChbIsNewVerImgProc="采用新版本图像处理方式" />
    <Language GrbNewVersionImgProc="新版本图像处理" />
    <Language LabImgProcContrastEnhance2="对比度增强2:" />
    <Language LabImgProcContrastEnhance1="对比度增强1:" />
    <Language LabMorphErode2="形态学腐蚀2:" />
    <Language LabMorphDilate2="形态学膨胀2:" />
    <Language LabGaussBlur2="高斯滤波2:" />
    <Language LabEqualizeHist2="图像均衡2:" />
    <Language LabMedianFilter2="中值滤波2:" />
    <Language LabMorphErode1="形态学腐蚀1:" />
    <Language LabMorphDilate1="形态学膨胀1:" />
    <Language LabGaussBlur1="高斯滤波1:" />
    <Language LabEqualizeHist1="图像均衡1:" />
    <Language ChbImageInverseNew="黑白反色" />
    <Language ChbImageMirrorNew="图像镜像" />
    <Language LabMedianFilter1="中值滤波1:" />
    <Language GrbOldVersionImgProc="旧版本图像处理" />
    <Language ChbImageInverse="黑白反色" />
    <Language ChbEqualizeHist="图像均衡" />
    <Language ChbImageMirror="图像镜像" />
    <Language ChbContrastEnhance="灰度增强" />
    <Language TapBarcodeSw="码制设置" />
    <Language BtnOpenAllBarcodeType="开启所有常用码制" />
    <Language BtnOpenDefaultBarcodeType="开启默认常用码制" />
    <Language BtnCloseAllBarcodeType="关闭所有码制" />
    <Language GrbOtherBarcode="其他条码" />
    <Language ChbGridMatrix="GridMatrix" />
    <Language ChbDotCode="DotCode" />
    <Language ChbMaxicode="Maxicode" />
    <Language ChbMicroPDF417="MicroPDF417" />
    <Language ChbHanxin="Hanxin" />
    <Language ChbAztec="Aztec" />
    <Language GrbUsually2D="常用二维码" />
    <Language ChbPDF417="PDF417" />
    <Language ChbDM="DataMatrix" />
    <Language ChbQRCode="QRCode" />
    <Language GrbUsually1D="常用一维码" />
    <Language ChbCode93="Code93" />
    <Language ChbDataBar="DataBar" />
    <Language ChbS25="S25" />
    <Language ChbM25="M25" />
    <Language ChbD25="D25" />
    <Language ChbCode11="Code11" />
    <Language ChbI25="I25" />
    <Language ChbCodaBar="CodaBar" />
    <Language ChbMSI="MSI" />
    <Language ChbCode39="Code39" />
    <Language ChbCode128="Code128" />
    <Language ChbUPC_EAN="UPC/EAN" />
    <Language TabAlsCfg="算法协议" />
    <Language GrbMuiltCoreAls="算法加速配置" />
    <Language LabMuiltCoreMode="多核CPU处理加速模式:" />
    <Language GrbLimitBarcodeLen="限制条码长度" />
    <Language ChbAztecCheckDisable="Aztec" />
    <Language ChbIL25CheckDisable="IL25" />
    <Language ChbCode93CheckDisable="Code93" />
    <Language ChbCodabarCheckDisable="CodaBar" />
    <Language ChbCode39CheckDisable="Code39" />
    <Language ChbCode128CheckDisable="Code128" />
    <Language ChbPDF417CheckDisable="PDF417" />
    <Language ChbDMCheckDisable="DataMatrix" />
    <Language ChbQRCheckDisable="QRCode" />
    <Language LabSetLimitException="允许例外的码制(不受长度限制):" />
    <Language BtnBarcodeLenLimitMax="确认" />
    <Language BtnBarcodeLenLimitMin="确认" />
    <Language LabBarcodeLenLimitMax="最大长度:" />
    <Language LabBarcodeLenLimitMin="最小长度:" />
    <Language GrbDPMSetting="DPM相关设置" />
    <Language ChbDM_ShortQZ="短静区" />
    <Language ChkDM_Not_ECC200="非ECC-200解码" />
    <Language LabDM_MirrorSet="DM码镜像:" />
    <Language RdbDM_MirrorAny="任意" />
    <Language RdbDM_MirrorDisable="关闭" />
    <Language RdbDM_MirrorEnable="镜像" />
    <Language LabDM_ColorSet="DM码颜色:" />
    <Language RdbDM_ColorSetAny="任意" />
    <Language RdbDM_ColorSetBlack="黑底" />
    <Language RdbDM_ColorSetWhite="白底" />
    <Language ChbSmallCodeEnhance="小码增强" />
    <Language ChbDM_SlantEnhance="变形增强" />
    <Language BtnDM_ModuleMax="确认" />
    <Language LabDM_ModuleMax="块数最大:" />
    <Language BtnDM_ModuleMin="确认" />
    <Language LabDM_ModuleMin="块数最小:" />
    <Language BtnModuleSizeMax="确认" />
    <Language LabDMModuleSizeMax="DM码最大:" />
    <Language BtnModuleSizeMin="确认" />
    <Language LabDMModuleSizeMin="DM码最小:" />
    <Language LabDMGapMax="DM模块允许最大空隙:" />
    <Language RdbDMGapMaxBig="大" />
    <Language RdbDMGapMaxSmall="小" />
    <Language RdbDMGapMaxNone="无" />
    <Language ChkDMDefilementEnhance="污损增强" />
    <Language ChkDMFindEnhance="查找增强" />
    <Language label5="DM二维码类型:" />
    <Language RdbDMShapeAll="任意类型" />
    <Language RdbDMShapeRectangle="矩形" />
    <Language RdbDMShapeSquare="正方形" />
    <Language ChbDMLowContrast="低对比度增强" />
    <Language GrbAlgorithmSetting="算法相关设置" />
    <Language LabDecodeTips="修改解码模式A和C需要重启生效" />
    <Language BtnSaveAndRestart="保存设置重启设备" />
    <Language RdbDecodeModeC="解码模式C" />
    <Language RdbDecodeModeB="解码模式B" />
    <Language RdbDecodeModeA="解码模式A" />
    <Language ChkSameCodeDlyInfinite="相同条码无限延迟" />
    <Language BtnSameCodeDelay="确认" />
    <Language LabSameCodeDly="相同条码延迟(100ms)：" />
    <Language BtnSigleImageTimeout="确认" />
    <Language LabSerchLevel="DM搜索精度:" />
    <Language LabSigleDecodeTime="单张图片解码超时(10ms)：" />
    <Language GrbDPM_Mode="DPM 模式" />
    <Language RdbDpmMode0="正常模式" />
    <Language RdbDpmMode6="DPM模式6" />
    <Language RdbDpmMode7="DPM模式7" />
    <Language RdbDpmMode8="DPM模式8" />
    <Language RdbDpmMode5="DPM模式5" />
    <Language RdbDpmMode4="DPM模式4" />
    <Language RdbDpmMode3="DPM模式3" />
    <Language RdbDpmMode2="DPM模式2" />
    <Language RdbDpmMode1="DPM模式1" />
    <Language TabDataEdit="数据编辑" />
    <Language GrbMuiltCodeSplit="多条码多模板分隔符" />
    <Language BtnMuiltCodeSplit="确认" />
    <Language ChkMuiltCodeSplitSameEof="分隔符跟随结束符" />
    <Language LabMuiltCodeSplit="多条码分隔符(十六进制):0x" />
    <Language GrbBarcodeIDAndEof="条码ID与结束符" />
    <Language ChbBarcodeIDOut="允许条码类型ID输出" />
    <Language LabStringEof="条码结束符:" />
    <Language GrbDataCropSetting="数据裁剪" />
    <Language RdbOnlyEndOutput="只传输数据后段" />
    <Language RdbOnlyCenterOutput="只传输数据中间段" />
    <Language RdbOnlyFrontOutput="只传输数据前段" />
    <Language RdbAllDataOutput="传输整个数据段" />
    <Language BtnEndSessionSet="确认" />
    <Language BtnFrontSessionSet="确认" />
    <Language LabEndSessionSet="后段长度设置:" />
    <Language LabFrontSessionSet="前段长度设置:" />
    <Language GrbPrefixAndSuffix="前后缀设置" />
    <Language ChbDataSuffix="条码后缀:" />
    <Language ChbDataPrefix="条码前缀:" />
    <Language BtnDataSuffix="确认" />
    <Language BtnDataPrefix="确认" />
    <Language TabOutputCfg="数据输出" />
    <Language GrbImageDataProcess="图像数据输出保存" />
    <Language ChbDecodeNGSendImg="解码失败发送图片" />
    <Language ChbDecodeOKSendImg="解码成功发送图片" />
    <Language RdbImageSendRam="被动访问" />
    <Language RdbImageSendFTP="FTP访问" />
    <Language RdbImageSendTCP="TCP输出" />
    <Language LabImageSendWay="图像传输方式:" />
    <Language ChbDecodeNGSaveImg="解码失败保存图片" />
    <Language ChbDecodeOKSaveImg="解码成功保存图片" />
    <Language GrbOutputUSB="USB接口设置" />
    <Language RdbOuputByUart="USB不输出" />
    <Language RdbOuputByCOM="USB虚拟串口" />
    <Language RdbOuputByHID="USB键盘输出" />
    <Language GrbOutputInternet="网络接口设置" />
    <Language LabNetWorkSettingTips="注意:网络设备配置在设备重启后生效" />
    <Language BtnTcpIPAddrSet="确认" />
    <Language BtnNetPortSet="确认" />
    <Language TxbSIPAddrSeg3="1" />
    <Language TxbSIPAddrSeg2="0" />
    <Language TxbSIPAddrSeg1="168" />
    <Language TxbSIPAddrSeg0="192" />
    <Language LabTCPServerIP="通信目标IP设置：" />
    <Language TxbComPort="13242" />
    <Language LabComPort="通讯端口设置：" />
    <Language LabComSel="网络通信协议：" />
    <Language BtnMaskAddrSet="确认" />
    <Language TxbMaskCodeSeg3="0" />
    <Language TxbMaskCodeSeg2="255" />
    <Language TxbMaskCodeSeg1="255" />
    <Language TxbMaskCodeSeg0="255" />
    <Language LabMaskCode="设备子网掩码：" />
    <Language BtnGWAddrSet="确认" />
    <Language TxbGwAddrSeg3="1" />
    <Language TxbGwAddrSeg2="0" />
    <Language TxbGwAddrSeg1="168" />
    <Language TxbGwAddrSeg0="192" />
    <Language LabGatewayAddr="设备网关IP：" />
    <Language BtnIPAddrSet="确认" />
    <Language TxbIpAddrSeg3="135" />
    <Language TxbIpAddrSeg2="0" />
    <Language TxbIpAddrSeg1="168" />
    <Language TxbIpAddrSeg0="192" />
    <Language LabIPADDR="设备IP地址：" />
    <Language RdbDhcpDisable="关闭" />
    <Language RdbDhcpEnable="开启" />
    <Language LabDhcpState="DHCP自动获取IP开关:" />
    <Language GrbEncoderSetting="编码设置" />
    <Language RdbOutputUTF8="UTF-8" />
    <Language RdbOutputUnicode="Unicode" />
    <Language RdbOutputGBK="GBK" />
    <Language GrbOutputRS232="RS232接口设置" />
    <Language LabUartStopBit="停止位设置:" />
    <Language LabUartDataBit="数据位设置:" />
    <Language LabUartCheckPolarity="奇偶校验:" />
    <Language LabBaudrateSet="波特率设置:" />
    <Language TabIOCtrl="IO指令配置" />
    <Language GrbOutputPinSetting="输出引脚设置" />
    <Language RdbOut2OutputFailed="读码失败动作" />
    <Language RdbOut2OutputSuccess="读码成功动作" />
    <Language LabOut2OutputWay="输出IO2条件：" />
    <Language RdbPolarityOut2Low="动作时极性反相" />
    <Language RdbPolarityOut2Hight="动作时常规极性" />
    <Language LabPolarityOut2="输出IO2极性：" />
    <Language RdbOut1OutputFailed="读码失败动作" />
    <Language RdbOut1OutputSuccess="读码成功动作" />
    <Language LabOut1OutputWay="输出IO1条件：" />
    <Language RdbPolarityOut1Low="动作时极性反相" />
    <Language RdbPolarityOut1Hight="动作时常规极性" />
    <Language LabPolarityOut1="输出IO1极性：" />
    <Language BtnOutputPinTimeSet="确认" />
    <Language TxbOutputPinTimeSet="2000" />
    <Language LabOutputPinTimeSet="输出信号持续时长(100ms):" />
    <Language GrbTrigTime="触发读码时间设置" />
    <Language BtnTrigKeepTime="确认" />
    <Language LabTrigKeepTimeName="单次读码时长:" />
    <Language TxbTrigKeepTime="2000" />
    <Language LabMsSShow="ms" />
    <Language GrbIuputPinSetting="输入引脚设置" />
    <Language ChbExtraTrig="允许外部IO触发扫码(修改在设备重启后生效)" />
    <Language GrbTrigCMDSet="触发指令和失败返回" />
    <Language GrbFindHexTool="查询工具" />
    <Language LabDispChar=" " />
    <Language BtnChar2Hex="字符转十六进制" />
    <Language BtnHex2Char="十六进制转字符" />
    <Language BtnRfInfo="确认" />
    <Language LabTrigCMD="None" />
    <Language ChbRfInfo="读码失败返回:" />
    <Language LabTrigCMDDisp="触发指令内容:" />
    <Language BtnApply="应用配置" />
    <Language LabInputTips="请输入两位十六进制数值" />
    <Language LabTrigCMDLen="触发指令长度:" />
    <Language LabByte7="Byte7" />
    <Language LabByte6="Byte6" />
    <Language LabByte5="Byte5" />
    <Language LabByte4="Byte4" />
    <Language LabByte3="Byte3" />
    <Language LabByte2="Byte2" />
    <Language LabByte1="Byte1" />
    <Language BtnClearCon="清除配置" />
    <Language TapTempSet="模板配置" />
    <Language GrbNewTemplate="模板设置(新)" />
    <Language LabTemplateIndex="模板号:" />
    <Language ChbTemplateLightGroup="照明分组开关控制" />
    <Language ChbTemplateEnable="启用模板" />
    <Language ChbTemplateBarcodeType="解码配置" />
    <Language ChbImagePreProc2="图像算法处理2：" />
    <Language ChbImagePreProc1="图像算法处理1：" />
    <Language LabTemplateOutputLogic="模板运行逻辑:" />
    <Language ChbTemplateLensFocus="摄像头焦距(当前的焦距)" />
    <Language TxbTemplateRoiH="800" />
    <Language TxbTemplateRoiW="1280" />
    <Language TxbTemplateRoiY="0" />
    <Language TxbTemplateRoiX="0" />
    <Language label1="H:" />
    <Language label2="W:" />
    <Language label3="Y:" />
    <Language label4="X:" />
    <Language ChbTemplateLightConfig="照明亮度控制(照明栏设置)" />
    <Language ChbTemplateAboutROI="图像ROI开启" />
    <Language ChbTemplateAboutSensor="传感器曝光和增益配置" />
    <Language GrbTemplateOp="模板操作(老)" />
    <Language BtnReadTemplate1="读取模板1" />
    <Language BtnReadTemplate2="读取模板2" />
    <Language BtnReadTemplate3="读取模板3" />
    <Language BtnSaveTemplate3="保存模板3" />
    <Language BtnSaveTemplate1="保存模板1" />
    <Language BtnSaveTemplate2="保存模板2" />
    <Language GrbTemplateFiles="模板文件列表(新)" />
    <Language ChbTempNameUseIdx="模板号" />
    <Language LabTemplateName="模板名字" />
    <Language BtnTemplateSave="模板保存" />
    <Language BtnReadAllTemplate="读取设备模板" />
    <Language GrbTemplateSetting="模板参数(老)" />
    <Language ChbEnableTempFloop="开启模板循环(老)" />
    <Language LabTempDPMLevel="DPM识读模式:" />
    <Language LabSensorGainDisp="传感器增益值:" />
    <Language LabSensorExpDisp="传感器曝光值:" />
    <Language LabSecondLightDisp="辅助照明亮度:" />
    <Language LabMainLightDisp="主要照明亮度:" />
    <Language TapImageQt="高级功能" />
    <Language TapMultiCode="多码分辨率" />
    <Language GrbDeviceADSetting="设备高级设置" />
    <Language LabMuiltCode="多码识别(设备自动重启生效):" />
    <Language LabResolution="分辨率(设备自动重启生效):" />
    <Language TapBarcodeQuality="条码打印评价" />
    <Language LabQualityAllSeparator="评价之间间隔符:" />
    <Language GrbQualityOutput="结果输出方式" />
    <Language RdbQualityResultOverall="只输出综合评价" />
    <Language RdbQualityResultOrderAll="顺序输出评价" />
    <Language RdbQualityOutputDescAndData="标记+数据" />
    <Language LabQualityBarcodeSeparator="条码到评价间隔符:" />
    <Language LabBarcodeQualityDisp="条码打印评价:" />
    <Language GrbFtpSettomg="设备FTP文件服务器" />
    <Language TxbFTPAccount="root" />
    <Language TxbFtpIP="192.168.1.91" />
    <Language LabFtpPassword="Password:" />
    <Language LabAccount="Account:" />
    <Language LabFtpIPADDR="IP:" />
    <Language BtnFreshFtp="刷新列表" />
    <Language BtnDisconnectFTP="断开FTP" />
    <Language BtnConnectFTP="连接FTP" />
    <Language TxbFtpPassword="hj168" />
    <Language GrbDataStatistics="设备数据统计" />
    <Language LabNGCount="0" />
    <Language LabOKCount="0" />
    <Language LabTrigCount="0" />
    <Language BtnResetStatic="重置数据" />
    <Language LabTotalDisp="Total" />
    <Language LabDispNG="NG×" />
    <Language LabOKDisp="OK√" />
    <Language LabOKRatio="100.00%" />
    <Language GrbWorkMode="工作模式" />
    <Language LabStateADP="调参中..." />
    <Language BtnEnterADP="AI调参" />
    <Language LabDeviceFnt="0" />
    <Language BtnTrigTest="单次触发" />
    <Language RdbTrigExtern="外部触发/命令触发" />
    <Language RdbContinuousTrig="连续触发" />
    <Language BtnRestartDevice="重启设备(不保存)" />
    <Language BtnSaveCurrentCfg="保存设置到设备" />
    <Language GrbExpSetting="曝光控制" />
    <Language BtnExpSetValue="设置曝光" />
    <Language BtnExpSetRatioAdd="▶" />
    <Language BtnExpSetRatioDec="◀" />
    <Language CheckAutoExp="自动曝光" />
    <Language RdbExpSetValue="数值调节(单位us):" />
    <Language RdbExpSetRatio="比例调节(1-255):" />
    <Language GrbSensorGainSetting="增益控制" />
    <Language LabSensorGainSet="传感器增益(0-255):" />
    <Language BtnSensorGainSetAdd="▶" />
    <Language BtnSensorGainSetDec="◀" />
    <Language TxbSensorGainSet="0" />
    <Language ChbHDR_ModeEnable="HDR开启" />
    <Language GrbImageROI="图像ROI设置" />
    <Language LabROITips="在框选ROI后双击画面即可完成设置" />
    <Language BtnImageRoiCancel="关闭ROI" />
    <Language TxbRoiH="800" />
    <Language TxbRoiW="1280" />
    <Language TxbRoiY0="0" />
    <Language TxbRoiX0="0" />
    <Language BtnImageRoiSet="框选ROI" />
    <Language LabRoiH="Height:" />
    <Language LabRoiW="Width:" />
    <Language LabRoiY0="Y_Start:" />
    <Language LabRoiX0="X_Start:" />
    <Language BtnRecoverSize="恢复大小" />
    <Language LabFramePerSec="fps" />
    <Language LabFrameRate="0" />
    <Language LabFrameCountDisp="图像帧率：" />
    <Language LabImageCount="0" />
    <Language LabImageCountDips="图像计数：" />
    <Language BtnSaveCurrentImage="保存图像" />
    <Language LabImageSize="显示图像清晰度:" />
    <Language GrbDecodeData="解码结果" />
    <Language LabBarcodeLen="0" />
    <Language LabBarcodeLenDisp="条码长度：" />
    <Language LabBarcodeType="Datamatrix" />
    <Language LabBarcodeTypeDisp="条码类型：" />
    <Language GrbDecodeTime="解码耗时" />
    <Language LabCurrentDecodeTime="解码耗时：" />
    <Language LabAveDecodeTime="0ms" />
    <Language LabAveDecodeTimeDisp="平均解码时间：" />
    <Language LabNowDecodeTime="0ms" />
    <Language ChartDecodeTime="DecodeTimeStatistics" />
    <Language BtnSettingButton="专家模式" />
    <Language BtnSearchDevice="搜索设备" />
    <Language BtnConnectDevice="连接设备" />
    <Language BtnDisConnectDevice="断开设备" />
    <Language BtnSaveCfg="保存配置" />
    <Language BtnOpenCfg="打开配置" />
    <Language MesMain="主菜单" />
    <Language FileToolStripMenuItem="文件" />
    <Language OpenCfgToolStripMenuItem="打开配置" />
    <Language SaveCfgToolStripMenuItem="保存配置" />
    <Language ExitToolStripMenuItem="退出" />
    <Language ToolsToolStripMenuItem="工具" />
    <Language ComDebugToolStripMenuItem="串口调试工具" />
    <Language CmdCfgToolStripMenuItem="命令配置工具" />
    <Language InstallUSBDrvToolStripMenuItem="安装USB驱动" />
    <Language NetworkDebugToolStripMenuItem="网络调试助手" />
    <Language 条码匹配功能ToolStripMenuItem="条码匹配功能" />
    <Language languageToolStripMenuItem="Language" />
    <Language SettingToolStripMenuItem="设置" />
    <Language AboutToolStripMenuItem="关于" />
  </MainForm>
  <About>
    <Language SoftwareTitle="关于HEROJE-图像算法调试工具V7.06" />
    <Language LabVersion="版本:V7.06" />
    <Language LabCopyRight="CopyRight®2022" />
    <Language LabDeclare="HEROJE图像算法调试工具" />
  </About>
  <SettingForm>
    <Language SoftwareTitle="SoftwareSetting" />
    <Language GrbSoftwareSetting="软件退出时候动作" />
    <Language CheckExitAndQuitDebugMode="当软件退出时退出调试模式(USB设备)" />
    <Language ChkExitAndSave="当软件退出时保存当前设置到设备" />
    <Language ChbChangeToManualTrig="当软件退出时切换成手动触发" />
  </SettingForm>
  <ComDebugTool>
    <Language SoftwareTitle="合杰串口调试工具V1.4" />
    <Language groupBox2="串口调试" />
    <Language ButOpenUart="打开串口" />
    <Language ButSendData="发送数据" />
    <Language GdbDataSend="数据发送区" />
    <Language numericUpDown="1000" />
    <Language checkBox1="定时发送" />
    <Language label2="ms" />
    <Language label1="周期：" />
    <Language CheckBox="显示时间" />
    <Language RdbSendHex="十六进制" />
    <Language RdbSendString="字符串" />
    <Language TxtSendCount="发送字节：0" />
    <Language TxtUartState="状态：" />
    <Language GdbDataReceive="数据显示区" />
    <Language LabDispEncode="显示编码：" />
    <Language RdbHexDisplay="十六进制" />
    <Language TxtReceiveCount="接收字节：0" />
    <Language RdbStringDisplay="字符串" />
    <Language TxtBaudRateSelect="波特率：" />
    <Language TxtUartSelect="选择串口：" />
  </ComDebugTool>
</Root>
