﻿<?xml version="1.0" encoding="utf-8" standalone="yes"?>
<!--This file is necessary for software to run properly-->
<!--Create By Liang-->
<Root>
  <MainForm>
    <Language SoftwareTitle="Heroje Barcode And Vision Config Software V7.06" />
    <Language SelectLanguage="English" />
    <Language TapSelectDevice="DeviceFound" />
    <Language ChbCrossNetSegSerch="EnhanceSerch" />
    <Language LabLocalIPSel="LocalIP：" />
    <Language GrbDevicesList="DeviceList" />
    <Language ChkUSBConnect="USB Connect" />
    <Language LabConnectSel="ConnectType:" />
    <Language ChkInternet="Network" />
    <Language LabDeviceInfo="DeviceInfo" />
    <Language GrbDeviceOps="DeviceCtrl" />
    <Language BtnRecoverUserSetting="RecoverUserCfg" />
    <Language BtnSaveUserSetting="SaveAsUserCfg" />
    <Language BtnCaptrueImageSave="SaveImg" />
    <Language BtnRecoverFactory="RecoverFactory" />
    <Language LabDeviceAddr="DevicePath" />
    <Language TapLightFocus=" Light/Sound" />
    <Language GrbSoundSetting="ReadGoodBeep" />
    <Language RdbSoundOff="Close" />
    <Language RdbSoundOn="Open" />
    <Language GrbSensorLensFocus="LenFocus" />
    <Language BtnSensorLensFocusAdd="&gt;" />
    <Language BtnSensorLensFocusDec="&lt;" />
    <Language TxbSensorLensFocusSet="0" />
    <Language LabSensorLensFocusSet="Value:" />
    <Language RdbAutoFocusEnbale="Auto" />
    <Language RdbAutoFocusDisabale="Manual" />
    <Language GrbOtherLightSetting="OtherSetting" />
    <Language ChbNearLightRB="R-B" />
    <Language ChbNearLightLB="L-B" />
    <Language ChbNearLightRT="R-T" />
    <Language ChbNearLightLT="L-T" />
    <Language LabNearLightCtrl="SecondaryLight:" />
    <Language ChbFarLightRB="R-B" />
    <Language ChbFarLightLB="L-B" />
    <Language ChbFarLightRT="R-T" />
    <Language ChbFarLightLT="L-T" />
    <Language LabFarLightCtrl="MainLight:" />
    <Language RdbDeafultP="Deafult" />
    <Language LabPolarizationSetting="PolarizedLight:" />
    <Language RdbPolarizationDisable="Close" />
    <Language RdbPolarizationEnable="Open" />
    <Language GrbSecondLight="AuxiliaryIllumination" />
    <Language BtnSecondLightValAll="&gt;" />
    <Language BtnSecondLightValDec="&lt;" />
    <Language TxbSecondLightVal="0" />
    <Language LabSecondLight="Luminance:" />
    <Language RdbSecondLightClose="Close" />
    <Language RdbSecondLightOpen="Open" />
    <Language GdbMainLight="MainLight" />
    <Language BtnMainLightValAll="&gt;" />
    <Language BtnMainLightValDec="&lt;" />
    <Language TxbMainLightVal="0" />
    <Language LabMainLight="Luminance:" />
    <Language RdbMainLightClose="Close" />
    <Language RdbMainLightOpen="Open" />
    <Language GrbFocusLight="AimingLight" />
    <Language RdbFocusLEDNormal="Open" />
    <Language RdbFocusLEDClose="Close" />
    <Language RdbFocusLEDAlways="Always" />
    <Language RdbFocusLEDBlink="Blink" />
    <Language TapSensorSet="ImgProcess" />
    <Language GrbImageProcess="ImgProcess" />
    <Language ChbIsNewVerImgProc="UseNewVersionFunction" />
    <Language GrbNewVersionImgProc="NewVersion" />
    <Language LabImgProcContrastEnhance2="ContrastEnhance2:" />
    <Language LabImgProcContrastEnhance1="ContrastEnhance1:" />
    <Language LabMorphErode2="MorphErode2:" />
    <Language LabMorphDilate2="MorphDilate2:" />
    <Language LabGaussBlur2="GaussBlur2:" />
    <Language LabEqualizeHist2="EqualizeHist2:" />
    <Language LabMedianFilter2="MedianFilter2:" />
    <Language LabMorphErode1="MorphErode1:" />
    <Language LabMorphDilate1="MorphDilate1:" />
    <Language LabGaussBlur1="GaussBlur1:" />
    <Language LabEqualizeHist1="EqualizeHist1:" />
    <Language ChbImageInverseNew="ImageInverse" />
    <Language ChbImageMirrorNew="ImageMirror" />
    <Language LabMedianFilter1="MedianFilter1:" />
    <Language GrbOldVersionImgProc="OldVersion" />
    <Language ChbImageInverse="ImageInverse" />
    <Language ChbEqualizeHist="EqualizeHist" />
    <Language ChbImageMirror="ImageMirror" />
    <Language ChbContrastEnhance="ContrastEnhance" />
    <Language TapBarcodeSw="BarcodeType" />
    <Language BtnOpenAllBarcodeType="OpenAllType" />
    <Language BtnOpenDefaultBarcodeType="OpenDefaultType" />
    <Language BtnCloseAllBarcodeType="CloseAllType" />
    <Language GrbOtherBarcode="OtherType" />
    <Language ChbGridMatrix="GridMatrix" />
    <Language ChbDotCode="DotCode" />
    <Language ChbMaxicode="Maxicode" />
    <Language ChbMicroPDF417="MicroPDF417" />
    <Language ChbHanxin="Hanxin" />
    <Language ChbAztec="Aztec" />
    <Language GrbUsually2D="UsuallyType2D" />
    <Language ChbPDF417="PDF417" />
    <Language ChbDM="DataMatrix" />
    <Language ChbQRCode="QRCode" />
    <Language GrbUsually1D="UsuallyType1D" />
    <Language ChbCode93="Code93" />
    <Language ChbDataBar="DataBar" />
    <Language ChbS25="S25" />
    <Language ChbM25="M25" />
    <Language ChbD25="D25" />
    <Language ChbCode11="Code11" />
    <Language ChbI25="I25" />
    <Language ChbCodaBar="CodaBar" />
    <Language ChbMSI="MSI" />
    <Language ChbCode39="Code39" />
    <Language ChbCode128="Code128" />
    <Language ChbUPC_EAN="UPC/EAN" />
    <Language TabAlsCfg="Algorithm" />
    <Language GrbMuiltCoreAls="MultiCoreCfg" />
    <Language LabMuiltCoreMode="MultiCoreProc:" />
    <Language GrbLimitBarcodeLen="BarcodeLengthLimit" />
    <Language ChbAztecCheckDisable="Aztec" />
    <Language ChbIL25CheckDisable="IL25" />
    <Language ChbCode93CheckDisable="Code93" />
    <Language ChbCodabarCheckDisable="CodaBar" />
    <Language ChbCode39CheckDisable="Code39" />
    <Language ChbCode128CheckDisable="Code128" />
    <Language ChbPDF417CheckDisable="PDF417" />
    <Language ChbDMCheckDisable="DataMatrix" />
    <Language ChbQRCheckDisable="QRCode" />
    <Language LabSetLimitException="ExceptionType(NonLimit):" />
    <Language BtnBarcodeLenLimitMax="Confirm" />
    <Language BtnBarcodeLenLimitMin="Confirm" />
    <Language LabBarcodeLenLimitMax="BarcodeLenMax:" />
    <Language LabBarcodeLenLimitMin="BarcodeLenMin:" />
    <Language GrbDPMSetting="DPM About" />
    <Language ChbDM_ShortQZ="S-Margin" />
    <Language ChkDM_Not_ECC200="Non-ECC200" />
    <Language LabDM_MirrorSet="DM-Mirror:" />
    <Language RdbDM_MirrorAny="Any" />
    <Language RdbDM_MirrorDisable="Close" />
    <Language RdbDM_MirrorEnable="Open" />
    <Language LabDM_ColorSet="DM-Color:" />
    <Language RdbDM_ColorSetAny="Any" />
    <Language RdbDM_ColorSetBlack="Black" />
    <Language RdbDM_ColorSetWhite="White" />
    <Language ChbSmallCodeEnhance="Little-En" />
    <Language ChbDM_SlantEnhance="Slant-En" />
    <Language BtnDM_ModuleMax="OK" />
    <Language LabDM_ModuleMax="Mod-Max:" />
    <Language BtnDM_ModuleMin="OK" />
    <Language LabDM_ModuleMin="Mod-Min:" />
    <Language BtnModuleSizeMax="OK" />
    <Language LabDMModuleSizeMax="SizeMax:" />
    <Language BtnModuleSizeMin="OK" />
    <Language LabDMModuleSizeMin="SizeMin:" />
    <Language LabDMGapMax="DM ModuleGapSet:" />
    <Language RdbDMGapMaxBig="Big" />
    <Language RdbDMGapMaxSmall="Small" />
    <Language RdbDMGapMaxNone="None" />
    <Language ChkDMDefilementEnhance="Damage-En" />
    <Language ChkDMFindEnhance="Find-En" />
    <Language label5="DM Sharp:" />
    <Language RdbDMShapeAll="Any" />
    <Language RdbDMShapeRectangle="Rectangle" />
    <Language RdbDMShapeSquare="Square" />
    <Language ChbDMLowContrast="LowContrast" />
    <Language GrbAlgorithmSetting="AlgorithmCfg" />
    <Language LabDecodeTips="DecoderA-C effect Restart" />
    <Language BtnSaveAndRestart="SaveAndRestart" />
    <Language RdbDecodeModeC="DecoderC" />
    <Language RdbDecodeModeB="DecoderB" />
    <Language RdbDecodeModeA="DecoderA" />
    <Language ChkSameCodeDlyInfinite="Infinite" />
    <Language BtnSameCodeDelay="Confirm" />
    <Language LabSameCodeDly="SameCodeDly(100ms)：" />
    <Language BtnSigleImageTimeout="Confirm" />
    <Language LabSerchLevel="SerchLevel:" />
    <Language LabSigleDecodeTime="SigleDecodeTime(10ms)：" />
    <Language GrbDPM_Mode="DPM Mode" />
    <Language RdbDpmMode0="Normal" />
    <Language RdbDpmMode6="Mode6" />
    <Language RdbDpmMode7="Mode7" />
    <Language RdbDpmMode8="Mode8" />
    <Language RdbDpmMode5="Mode5" />
    <Language RdbDpmMode4="Mode4" />
    <Language RdbDpmMode3="Mode3" />
    <Language RdbDpmMode2="Mode2" />
    <Language RdbDpmMode1="Mode1" />
    <Language TabDataEdit="DataEdit" />
    <Language GrbMuiltCodeSplit="SplitorMultiBarCode" />
    <Language BtnMuiltCodeSplit="Confirm" />
    <Language ChkMuiltCodeSplitSameEof="SplitorSameAsEof" />
    <Language LabMuiltCodeSplit="Splitor(HEX):0x" />
    <Language GrbBarcodeIDAndEof="BarcodeIDAndEof" />
    <Language ChbBarcodeIDOut="EnableBarcodeID" />
    <Language LabStringEof="StringEof:" />
    <Language GrbDataCropSetting="DataCropSetting" />
    <Language RdbOnlyEndOutput="OnlyEndSessionOutput" />
    <Language RdbOnlyCenterOutput="OnlyCenterSession" />
    <Language RdbOnlyFrontOutput="OnlyFrontSessionOutput" />
    <Language RdbAllDataOutput="AllDataOutput" />
    <Language BtnEndSessionSet="Confirm" />
    <Language BtnFrontSessionSet="Confirm" />
    <Language LabEndSessionSet="EndSessionSet:" />
    <Language LabFrontSessionSet="FrontSessionSet:" />
    <Language GrbPrefixAndSuffix="PrefixAndSuffix" />
    <Language ChbDataSuffix="DataSuffix:" />
    <Language ChbDataPrefix="DataPrefix:" />
    <Language BtnDataSuffix="Confirm" />
    <Language BtnDataPrefix="Confirm" />
    <Language TabOutputCfg="OutputConfig" />
    <Language GrbImageDataProcess="ImageSaveMode" />
    <Language ChbDecodeNGSendImg="DocededNG-Send" />
    <Language ChbDecodeOKSendImg="DocededOK-Send" />
    <Language RdbImageSendRam="None" />
    <Language RdbImageSendFTP="FTP Save" />
    <Language RdbImageSendTCP="TCP Output" />
    <Language LabImageSendWay="ImgDataSendMode:" />
    <Language ChbDecodeNGSaveImg="DocededNG-Save" />
    <Language ChbDecodeOKSaveImg="DocededOK-Save" />
    <Language GrbOutputUSB="USB Setting" />
    <Language RdbOuputByUart="No Output" />
    <Language RdbOuputByCOM="USB-COM" />
    <Language RdbOuputByHID="USB-HID" />
    <Language GrbOutputInternet="NetworkSetting" />
    <Language LabNetWorkSettingTips="Note:takes effect after restarted" />
    <Language BtnTcpIPAddrSet="Confirm" />
    <Language BtnNetPortSet="Confirm" />
    <Language TxbSIPAddrSeg3="1" />
    <Language TxbSIPAddrSeg2="0" />
    <Language TxbSIPAddrSeg1="168" />
    <Language TxbSIPAddrSeg0="192" />
    <Language LabTCPServerIP="TCP Server IP" />
    <Language TxbComPort="13242" />
    <Language LabComPort="Net Port：" />
    <Language LabComSel="Protocol：" />
    <Language BtnMaskAddrSet="Confirm" />
    <Language TxbMaskCodeSeg3="0" />
    <Language TxbMaskCodeSeg2="255" />
    <Language TxbMaskCodeSeg1="255" />
    <Language TxbMaskCodeSeg0="255" />
    <Language LabMaskCode="MaskAddr:" />
    <Language BtnGWAddrSet="Confirm" />
    <Language TxbGwAddrSeg3="1" />
    <Language TxbGwAddrSeg2="0" />
    <Language TxbGwAddrSeg1="168" />
    <Language TxbGwAddrSeg0="192" />
    <Language LabGatewayAddr="GatewayIP:" />
    <Language BtnIPAddrSet="Confirm" />
    <Language TxbIpAddrSeg3="135" />
    <Language TxbIpAddrSeg2="0" />
    <Language TxbIpAddrSeg1="168" />
    <Language TxbIpAddrSeg0="192" />
    <Language LabIPADDR="IP Address:" />
    <Language RdbDhcpDisable="Close" />
    <Language RdbDhcpEnable="Open" />
    <Language LabDhcpState="DHCP Mode:" />
    <Language GrbEncoderSetting="Encoding" />
    <Language RdbOutputUTF8="UTF-8" />
    <Language RdbOutputUnicode="Unicode" />
    <Language RdbOutputGBK="GBK" />
    <Language GrbOutputRS232="RS232Setting" />
    <Language LabUartStopBit="StopBit:" />
    <Language LabUartDataBit="DataBit:" />
    <Language LabUartCheckPolarity="Polarity:" />
    <Language LabBaudrateSet="Baudrate:" />
    <Language TabIOCtrl="IO/Command" />
    <Language GrbOutputPinSetting="OutputPinConfig" />
    <Language RdbOut2OutputFailed="WhenReadFailed" />
    <Language RdbOut2OutputSuccess="WhenReadSuccess" />
    <Language LabOut2OutputWay="IO2 Activate:" />
    <Language RdbPolarityOut2Low="ActiveLow" />
    <Language RdbPolarityOut2Hight="ActiveHight" />
    <Language LabPolarityOut2="IO2 Polarity:" />
    <Language RdbOut1OutputFailed="WhenReadFailed" />
    <Language RdbOut1OutputSuccess="WhenReadSuccess" />
    <Language LabOut1OutputWay="IO1 Activate:" />
    <Language RdbPolarityOut1Low="ActiveLow" />
    <Language RdbPolarityOut1Hight="ActiveHight" />
    <Language LabPolarityOut1="IO1 Polarity:" />
    <Language BtnOutputPinTimeSet="Confirm" />
    <Language TxbOutputPinTimeSet="2000" />
    <Language LabOutputPinTimeSet="ActiveKeepTime(100ms):" />
    <Language GrbTrigTime="DecodeTimeKeep" />
    <Language BtnTrigKeepTime="Confirm" />
    <Language LabTrigKeepTimeName="DecodeTimeKeep:" />
    <Language TxbTrigKeepTime="2000" />
    <Language LabMsSShow="ms" />
    <Language GrbIuputPinSetting="Input Pin" />
    <Language ChbExtraTrig="ExtraTrigEnable(takes effect after restarted)" />
    <Language GrbTrigCMDSet="TrigCommand" />
    <Language BtnRfInfo="Confirm" />
    <Language ChbRfInfo="ReadFailedStr:" />
    <Language GrbFindHexTool="HexConvert" />
    <Language LabDispChar=" " />
    <Language BtnChar2Hex="Ascii2Hex" />
    <Language BtnHex2Char="Hex2Ascii" />
    <Language LabTrigCMD="None" />
    <Language LabTrigCMDDisp="TrigCommand:" />
    <Language BtnApply="ApplySetting" />
    <Language LabInputTips="PleaseInput2DigitHexValue" />
    <Language LabTrigCMDLen="TrigCmdLength:" />
    <Language LabByte7="Byte7" />
    <Language LabByte6="Byte6" />
    <Language LabByte5="Byte5" />
    <Language LabByte4="Byte4" />
    <Language LabByte3="Byte3" />
    <Language LabByte2="Byte2" />
    <Language LabByte1="Byte1" />
    <Language BtnClearCon="ClearCfg" />
    <Language TapTempSet="TemplateMode" />
    <Language GrbNewTemplate="TemplateMode(New)" />
    <Language LabTemplateIndex="Index:" />
    <Language ChbTemplateLightGroup="LightGroupCtrl" />
    <Language ChbTemplateEnable="TemplateEn" />
    <Language ChbTemplateBarcodeType="BarcodeCfg" />
    <Language ChbImagePreProc2="ImageProc2：" />
    <Language ChbImagePreProc1="ImageProc1：" />
    <Language LabTemplateOutputLogic="TemplateLogic:" />
    <Language ChbTemplateLensFocus="CameraLensFocus：" />
    <Language TxbTemplateRoiH="800" />
    <Language TxbTemplateRoiW="1280" />
    <Language TxbTemplateRoiY="0" />
    <Language TxbTemplateRoiX="0" />
    <Language label1="H:" />
    <Language label2="W:" />
    <Language label3="Y:" />
    <Language label4="X:" />
    <Language ChbTemplateLightConfig="LightControl(UseLightTab)" />
    <Language ChbTemplateAboutROI="ROI Enable" />
    <Language ChbTemplateAboutSensor="GainAndExpCtrl" />
    <Language GrbTemplateOp="TemplateMode(Old)" />
    <Language BtnReadTemplate1="ReadTemplate1" />
    <Language BtnReadTemplate2="ReadTemplate2" />
    <Language BtnReadTemplate3="ReadTemplate3" />
    <Language BtnSaveTemplate3="SaveTemplate3" />
    <Language BtnSaveTemplate1="SaveTemplate1" />
    <Language BtnSaveTemplate2="SaveTemplate2" />
    <Language GrbTemplateFiles="TemplateFileList(New)" />
    <Language ChbTempNameUseIdx="UseIdx" />
    <Language LabTemplateName="NameSet" />
    <Language BtnTemplateSave="Save" />
    <Language BtnReadAllTemplate="ReadTemplate" />
    <Language GrbTemplateSetting="TemplateSetting(Old)" />
    <Language ChbEnableTempFloop="FloopEnable(Old)" />
    <Language LabTempDPMLevel="DPM Level:" />
    <Language LabSensorGainDisp="SensorGain:" />
    <Language LabSensorExpDisp="SensorExp:" />
    <Language LabSecondLightDisp="SecondlyLED:" />
    <Language LabMainLightDisp="MainLED:" />
    <Language TapImageQt="AdvanceMode" />
    <Language TapMultiCode="MultiCodeAndRes" />
    <Language GrbDeviceADSetting="AdvanceConfig" />
     <Language LabMuiltCode="MuiltBarcode(EffectRestart):" />
    <Language LabResolution="Resolution(EffectRestart):" />
    <Language TapBarcodeQuality="BarcodeQuality" />
    <Language LabQualityAllSeparator="OutputSeparator:" />
    <Language GrbQualityOutput="OutputMode" />
    <Language RdbQualityResultOverall="OnlyOverall" />
    <Language RdbQualityResultOrderAll="OutputAll" />
    <Language RdbQualityOutputDescAndData="Desc+Result" />
    <Language LabQualityBarcodeSeparator="SeparatorAfterCode:" />
    <Language LabBarcodeQualityDisp="QualityStandard:" />
    <Language GrbFtpSettomg="FTP Show" />
    <Language TxbFTPAccount="root" />
    <Language TxbFtpIP="192.168.1.91" />
    <Language LabFtpPassword="Password:" />
    <Language LabAccount="Account:" />
    <Language LabFtpIPADDR="IP:" />
    <Language BtnFreshFtp="Reflesh" />
    <Language BtnDisconnectFTP="Disconnect" />
    <Language BtnConnectFTP="Connect" />
    <Language TxbFtpPassword="hj168" />
    <Language GrbDataStatistics="DataStatistic" />
    <Language LabNGCount="0" />
    <Language LabOKCount="0" />
    <Language LabTrigCount="0" />
    <Language BtnResetStatic="Reset" />
    <Language LabTotalDisp="Total" />
    <Language LabDispNG="NG×" />
    <Language LabOKDisp="OK√" />
    <Language LabOKRatio="100.00%" />
    <Language GrbWorkMode="WorkMode" />
    <Language LabStateADP="Adjusting..." />
    <Language BtnEnterADP="Training" />
    <Language LabDeviceFnt="0" />
    <Language BtnTrigTest="TrigOnce" />
    <Language RdbTrigExtern="Manual/CMD" />
    <Language RdbContinuousTrig="Continuous" />
    <Language BtnRestartDevice="Restart(unsave)" />
    <Language BtnSaveCurrentCfg="SaveSetting" />
    <Language GrbExpSetting="ExpSetting" />
    <Language BtnExpSetValue="SetValue" />
    <Language BtnExpSetRatioAdd="&gt;" />
    <Language BtnExpSetRatioDec="&lt;" />
    <Language CheckAutoExp="AutoExp" />
    <Language RdbExpSetValue="ExpValue(us):" />
    <Language RdbExpSetRatio="ExpRatio(1-255):" />
    <Language GrbSensorGainSetting="SensorGain" />
    <Language LabSensorGainSet="SensorGain(0-255):" />
    <Language BtnSensorGainSetAdd="&gt;" />
    <Language BtnSensorGainSetDec="&lt;" />
    <Language TxbSensorGainSet="0" />
    <Language ChbHDR_ModeEnable="HDR Enable" />
    <Language GrbImageROI="ImageROISetting" />
    <Language LabROITips="Set When Double Click Complete" />
    <Language BtnImageRoiCancel="RoiCancel" />
    <Language TxbRoiH="800" />
    <Language TxbRoiW="1280" />
    <Language TxbRoiY0="0" />
    <Language TxbRoiX0="0" />
    <Language BtnImageRoiSet="RoiSet" />
    <Language LabRoiH="Height:" />
    <Language LabRoiW="Width:" />
    <Language LabRoiY0="Y_Start:" />
    <Language LabRoiX0="X_Start:" />
    <Language BtnRecoverSize="ResetSize" />
    <Language LabFramePerSec="fps" />
    <Language LabFrameRate="0" />
    <Language LabFrameCountDisp="FrameCount:" />
    <Language LabImageCount="0" />
    <Language LabImageCountDips="ImageCount:" />
    <Language BtnSaveCurrentImage="SaveImg" />
    <Language LabImageSize="DispImageSize:" />
    <Language GrbDecodeData="BarcodeStr" />
    <Language LabBarcodeLen="0" />
    <Language LabBarcodeLenDisp="BarcodeLen:" />
    <Language LabBarcodeType="Datamatrix" />
    <Language LabBarcodeTypeDisp="CodeType:" />
    <Language GrbDecodeTime="DecodeTime" />
    <Language LabCurrentDecodeTime="DecodeTime:" />
    <Language LabAveDecodeTime="0ms" />
    <Language LabAveDecodeTimeDisp="AveDecodeTime:" />
    <Language LabNowDecodeTime="0ms" />
    <Language ChartDecodeTime="DecodeTimeStatistics" />
    <Language BtnSettingButton="More" />
    <Language BtnSearchDevice="EnumDevice" />
    <Language BtnConnectDevice="Connect" />
    <Language BtnDisConnectDevice="Disconnect" />
    <Language BtnSaveCfg="SaveConfig" />
    <Language BtnOpenCfg="OpenConfig" />
    <Language MesMain="Main" />
    <Language FileToolStripMenuItem="File" />
    <Language OpenCfgToolStripMenuItem="OpenCfgFile" />
    <Language SaveCfgToolStripMenuItem="SaveCfgFile" />
    <Language ExitToolStripMenuItem="Exit" />
    <Language ToolsToolStripMenuItem="Tool" />
    <Language ComDebugToolStripMenuItem="ComDebugTool" />
    <Language CmdCfgToolStripMenuItem="CommandGenerate" />
    <Language InstallUSBDrvToolStripMenuItem="InstallUsbDiver" />
    <Language languageToolStripMenuItem="Language" />
	<Language SettingToolStripMenuItem="Setting" />
    <Language AboutToolStripMenuItem="About" />
  </MainForm>
    <SettingForm>
    <Language SoftwareTitle="SoftwareSetting" />
    <Language GrbSoftwareSetting="ActionWhenExit" />
    <Language ChkExitAndSave="SaveSettingToDeviceWhenExit" />
    <Language ChbChangeToManualTrig="ChangeToManualTrig" />
	<Language CheckExitAndQuitDebugMode="QuitDebugMode(USBDevice)" />
  </SettingForm>
  <About>
    <Language SoftwareTitle="About Heroje Barcode And Vision Config Software" />
    <Language LabVersion="Version:V7.06" />
    <Language LabCopyRight="CopyRight®2022" />
    <Language LabDeclare="Vision Config Software" />
  </About>
  <ComDebugTool>
    <Language SoftwareTitle="Com Debug Tool V1.4" />
    <Language groupBox2="ComDebug" />
    <Language ButOpenUart="OpenCom" />
    <Language ButSendData="SendData" />
    <Language GdbDataSend="DataSendRegion" />
    <Language numericUpDown="1000" />
    <Language checkBox1="AutoSend" />
    <Language label2="ms" />
    <Language label1="Time:" />
    <Language CheckBox="ShowTime" />
    <Language RdbSendHex="Hex" />
    <Language RdbSendString="String" />
    <Language TxtSendCount="TxCount:0" />
    <Language TxtUartState="State:" />
    <Language GdbDataReceive="DataDispaly" />
    <Language LabDispEncode="StrEncode:" />
    <Language RdbHexDisplay="Hex" />
    <Language TxtReceiveCount="RxCount:0" />
    <Language RdbStringDisplay="String" />
    <Language TxtBaudRateSelect="Baudrate:" />
    <Language TxtUartSelect="ComSel:" />
  </ComDebugTool>
</Root>
